file,bytes,sha256
.github/workflows/tests.yml,588,56057519312c4abc550767ebffa4e6170319b76015bce55e456424a2c0af6eee
.gitignore,203,643cebde9768aca2c7660fc04b7e138d414e20407f63f733f5976e07ab895914
NOTICE.md,388,f6109f70c4c8f2fa2d9ebb8ded6ad063811862c4ed3789e0109920367431c4b0
PUBLIC-RELEASE-CHECKLIST.md,1587,2af9a499615e1b35fc8993a2f43b6938862cad295ae31497fed86149499ecab3
PUBLIC-RELEASE-NOTES.md,1369,5361c791240378a28865185a181a642f4a42c4a6894b89155e5181090fb24a2a
README.md,4859,213c91dc83aa7ba8fa2ae157a110ff93749c9d1f791be776f26d44ef0e4adf9f
SANITIZATION-REPORT.md,2647,70dc807448061df7cee14c56c53f8780d9eb1187de2952ace2bdf3a191e839d7
historical/2025-source-audit.md,10914,068e01a4903d47da833afcfde56a33f032b182d24cd1e7fa360d231e98f98ef1
historical/PUBLIC-SUBSET.md,3103,74b6b8e7f1ed0444b0dd42931aca57de6767e24d3535e7a41664c52340b88fa4
historical/SOURCE-MANIFEST.md,15870,7e0f10a804dc56c0cf2f8cf000843cb0e9dc9fa9174bc7d503de3826ff735136
historical/audited-evidence/README.md,6381,46fb1e63dac583d7cbaa4a32fd94059dcb7877df552f11eec82dbcbf7613046b
historical/audited-evidence/app-standalone/app.js,19602,5325b05cad5599691e08e20608b7ac5593b19b9a34f792a9cc37130d568a91c1
historical/audited-evidence/config.toml,1718,4356831f3531caf312c423b9b821dd9f030f8900fe24b21da0822d848ea458cf
historical/audited-evidence/crates/data/src/data_fetcher.rs,8318,c476e50be3ee822f93e66c6337b0dab740756690d6f64c361716d48e35949243
historical/audited-evidence/crates/data/src/etf_data.rs,5091,62281034fda37f5fe83fb5119da31cd4e3db552dae65ffed72a2bedfa49fb2d5
historical/audited-evidence/crates/data/src/external_data.rs,16523,d9987ffd7c96ffb3106d21569da7a61f8c35924e7c168c36c1f6b0795821ed28
historical/audited-evidence/crates/ml/src/backtesting.rs,25464,023863d7727b691517872a6fd519f11af5fb6e381421eb1ade1be8874adccd4c
historical/audited-evidence/crates/ml/src/feature_engineering.rs,40171,56ea893b3331df6d0350b3e7e3f726c9ce52056c4420a28919b3b03b8c0bb6ed
historical/audited-evidence/crates/ml/src/lstm_predictor.rs,21468,8a01d6cb1d4c4e2648ab0253ff987fa35b7c2cead483057a7c881d8289807f9c
historical/audited-evidence/crates/ml/src/prediction_engine.rs,26517,536b6d7a3528799bf8c81dd94725a742f2cf594ddda193d8c33d0b03ce0b7fec
historical/audited-evidence/crates/ml/src/training_pipeline.rs,17526,c547877e9115c8c0a598a24b5cb7ea284e9e81313a0bd08b09bd6efcaaeb876d
historical/audited-evidence/crates/rrg-calc/src/calculator.rs,22341,afebb1e98531495ed833a281437ffd55e8d0cfa2b0a60fb5595b9a608dba251d
historical/audited-evidence/crates/rrg-calc/src/quadrant.rs,13243,bb0e5df0ae335a14f77dbf3b3981c177265271df77a0b359c29babf0f9a7dc87
historical/audited-evidence/crates/web/Cargo.toml,1043,8c6ebc8c8a2329888e1e2d2929c2ee16448eccc6e2c05fa1d68f29cac45baf28
historical/audited-evidence/crates/web/src/api.rs,43865,a5661d8339e566102721c0ef7203d0df88c295143dea0b79d7f42980e40f37e9
rebuild/2026/README.md,1409,2b41063b113dc9c0b9642f0d2623503ff43f197b4de5f839a47f419cf59ffe94
rebuild/2026/config/universe.csv,326,5b4367c906d2aff844a9de234fce2c891ca09ef13420f0cbc8c92f8f6911135f
rebuild/2026/docs/candidate-model-freeze-2026-08-20.md,2053,18d89f450aca183cfe645d02b081bd198eb3b3447ad03b15993873adf888367f
rebuild/2026/docs/final-holdout-protocol-2026-08-20.md,3983,f95020b4cdab0deca6462d153243e923b1a77b4e88b0e278f59bd0ea78749155
rebuild/2026/docs/prospective-forecast-contract.md,1603,92a6719c4dcf3ae5a5bca203327920af3ed952e47e9ee191da568f0a511ee496
rebuild/2026/docs/research-contract.md,1391,21589302578b9a71a2b39c7426fa73de550f615a6d10a7bba6c37c82acc08803
rebuild/2026/docs/strategy-backtest-contract-v0.1.md,3985,a0611e717e1c5f11aec9f0c1d8948c108d844e72e2dd45d548b710fdbfd19cd2
rebuild/2026/docs/validation-contract.md,2648,e47d31849106d7808f62a67977dfeec3f2322c6c001365a7ad027a041a6b8dd4
rebuild/2026/pyproject.toml,451,9d45a43fbf43569199bc37efc2445d528980c227417fb47bb795bc58bf10483b
rebuild/2026/requirements-lock.txt,451,c9152f5e3869437421b48b6e38d3005f948a760dbb816f4b66dad66aa29040ec
rebuild/2026/results/development-2026-08-20/REPORT.md,2505,c0cdf37c27491743bda2e77a1a37e3aed15eab710178974b2e8d798e829a38eb
rebuild/2026/results/development-2026-08-20/benchmark_by_sector.csv,16588,123e156747b0f646fc5ad279a708cbb72a81a61c3c92933241bf7a573c1ad691
rebuild/2026/results/development-2026-08-20/benchmark_summary.csv,1627,7e83d0526876caa6d6bb41e436b3eb6aa8165c099214427312e19d5750426087
rebuild/2026/results/development-2026-08-20/folds_overview.csv,8633,955c27a5ac230fafd49f1e068901653e4ebb86f302b9c240cdf0e75e015db23c
rebuild/2026/results/final-holdout-2026-08-20/ARTIFACT-HASHES.csv,584,ddccb511c644d4a4bd0fa2369d1b2b52f06a6f73f90ce6a657f9bc1f79d0dab6
rebuild/2026/results/final-holdout-2026-08-20/EXCLUDED-ARTIFACTS.md,320,b1a42449c6a231b8779b3c3c5ed11c5d68e60f833a22f2bf77b2b2a6318d455e
rebuild/2026/results/final-holdout-2026-08-20/FINAL-REPORT.md,3667,af4e992c43a8031cfa0bcf276af1247ae37c1a0832bc66fd8631ddc0c5f3af61
rebuild/2026/results/final-holdout-2026-08-20/RUN-MARKER.json,768,66cd048eff4441071b09a89ccc3e735be946c703b5e133e88d5fa713bd73a6a6
rebuild/2026/results/final-holdout-2026-08-20/development_vs_final_linear.csv,615,dccb1e74a222833e448620a9b4604ffb947f8f2811f508b7448016614153ece9
rebuild/2026/results/final-holdout-2026-08-20/final_holdout_by_sector.csv,22571,add3b35e2f3662361fff33c4bb816173e7e6bc130a157382efbf5e94f9b9cbf2
rebuild/2026/results/final-holdout-2026-08-20/final_holdout_improvements.csv,713,cff3e2b0cb740afefa8b3d78b10fd18505552d1f02f51c2d2a6df6b4d755eed4
rebuild/2026/results/final-holdout-2026-08-20/final_holdout_summary.csv,674,93666b800e7e1dbaca3b020e131d19c6ebe8f4b7b31a0fe934fd58e5910c1e73
rebuild/2026/results/model-selection-2026-08-20/MODEL-SELECTION.md,2644,072a3c2c137712356428aef819dfcbef51515b8f263021c003fb3b95d5754789
rebuild/2026/results/model-selection-2026-08-20/candidate_by_sector_horizon.csv,3616,4db27f1e1ceddccdf24d38f2ed0e40e82122efb8e332e8f576d6d2b907385d1f
rebuild/2026/results/model-selection-2026-08-20/candidate_summary.csv,994,cac521592bee4151b340a0c20576a55a9aa07b329220d2af56c3339e91b6146b
rebuild/2026/results/prospective-forecast-2026-08-20/ARTIFACT-HASHES.csv,370,ddfba04b17ef9d6d0c7d3a7ce041266b453e3c373542e0d4cff1be91d9ce0ff0
rebuild/2026/results/prospective-forecast-2026-08-20/FORECAST-REPORT.md,2414,06794047e7e45d01711e83020e2e73d80a75a2c893ae853c097d9e644ce1c513
rebuild/2026/results/prospective-forecast-2026-08-20/RUN-MARKER.json,756,e317a6ac1939a8e3b4746e07291769e3020a1affed407f33a3ce0c422086b856
rebuild/2026/results/prospective-forecast-2026-08-20/forecast_long.csv,11171,b09cc9c3a436abda2788d5a0275dbe1277e35e28ad0ef94acdad008b1c4d460f
rebuild/2026/results/prospective-forecast-2026-08-20/forecast_table.csv,4403,faeded4081bb17e47587624ed5cb4bf5c284f073341cee35b0fae165cb8af107
rebuild/2026/results/strategy-backtest-v0.1-2026-08-20/ARTIFACT-HASHES.csv,474,7c3e7c280f6c1d24c141040d2e99743ec0bcadcc5d4530592d01e51c68e6c62c
rebuild/2026/results/strategy-backtest-v0.1-2026-08-20/DETAIL-ARTIFACTS.md,556,d355700607c10eea51fb51fa8e544a466d35f1320efb5f1a80172efd251cfefe
rebuild/2026/results/strategy-backtest-v0.1-2026-08-20/RUN-MARKER.json,907,6c0be63e970f727940b3147c1e08b6ce520b184fb76ae3911d54aa3bc57a876a
rebuild/2026/results/strategy-backtest-v0.1-2026-08-20/STRATEGY-REPORT.md,2427,509d5476abd43cf1c634e42f41abbbe538279c33ba25e1efdfaac75aef18bb03
rebuild/2026/results/strategy-backtest-v0.1-2026-08-20/gross_vs_net_diagnostics.csv,560,fca3d88caf01d0e2ef0d5ede198fada679ccd76c171408a26a15dc50ac8a3a14
rebuild/2026/results/strategy-backtest-v0.1-2026-08-20/selection_overlap.csv,10701,f3f464e791a0d934312bc515bfd16d439eb2f2f1a0218adce99ce20452b6f33b
rebuild/2026/results/strategy-backtest-v0.1-2026-08-20/strategy_summary.csv,1211,45615c7274f55a5c2646550444f49f079199c5a15f1b486ff2b6c7b53d67b807
rebuild/2026/scripts/backtest_strategy.py,8298,896eb40dbb6330711eafbc308310359e6fd2ad76e991d1ebed4aaba5bf59bf0c
rebuild/2026/scripts/fetch_market_data.py,6834,d6fa8c5b373e99799002819802ad4b533c93bd2f401365a80b45196a3c77abc1
rebuild/2026/scripts/forecast_from_archive.py,6605,ca14dc79755468fa798e419ce72501eb1a67f30816c465b8505a0e92000929a1
rebuild/2026/scripts/run_final_holdout.py,7679,3fa0662293e06ca552727eef98ec3a02f5275372e21173a97a78bcc3bbbe520a
rebuild/2026/src/rrg_rebuild/__init__.py,0,e3b0c44298fc1c149afbf4c8996fb92427ae41e4649b934ca495991b7852b855
rebuild/2026/src/rrg_rebuild/data.py,6417,cbe1e907eec3a95df3fcab8ae5a7699116fce4d1b9370d936a37cc37fcc4b78a
rebuild/2026/src/rrg_rebuild/dataset.py,4615,76312f938e912e9da8dafe619dd16874c3e2ce74d833f4e2fc84d717d56b0194
rebuild/2026/src/rrg_rebuild/deployment.py,7980,db5b62b656a6292548e2f6b4a30b9a08afc41f71eac14fdf15fd99e851958b3c
rebuild/2026/src/rrg_rebuild/holdout.py,11290,6cb60670bf3a95946c7901ccc25c70e2eacacebecdaeb052594e287f780ce431
rebuild/2026/src/rrg_rebuild/modeling.py,6741,edb40562192a3d61d83072d2ccf8c17864a8f43b5ba92a357f01b7a9992ee91f
rebuild/2026/src/rrg_rebuild/rrg.py,4170,a39c68a96b966f811bdfd9598846f69757f67d171aad29f17335f3dc8525acfa
rebuild/2026/src/rrg_rebuild/strategy.py,19270,1ba3a5989c8c4c5ab7d3bbb05b6f1fe9d7fa6cda82b3a280d8cdef5208aeff7b
rebuild/2026/src/rrg_rebuild/targets.py,1256,3448edd864bf735a56222f0d743878b0f3d7da96b9e39b3d9eecef6700acb497
rebuild/2026/src/rrg_rebuild/validation.py,3228,c55137b7df15175eb1ed679b99ff5c87646b8fda480cc1b142bb474d78441084
rebuild/2026/tests/test_data.py,4062,03c708e2225ff2463e6287847cedfeacbce706aefbbcb16b0d1377ee08ef4561
rebuild/2026/tests/test_dataset.py,3172,d2814913d2e262a85b1131294efa8c1bdd01f792f68a7d5635172383fd7e0b4c
rebuild/2026/tests/test_deployment.py,3082,21a5a0fc8bab930b4da64cc8fd099852bebf3c1dd5c027292f8ed4386414bc86
rebuild/2026/tests/test_holdout.py,3068,8645f6572d75b4930d70e7c678ed520241b1392c4fe9c65fb495b89e672ab87a
rebuild/2026/tests/test_modeling.py,2779,7d5b9fec08847ff8fbbcb65252978526eb5a7868d7e8880d2ecdaca4027db86d
rebuild/2026/tests/test_rrg.py,2855,0b5b6af5f58201d57344fb764417c8c661b9817f0ba4646a4bc3623585b63d09
rebuild/2026/tests/test_strategy.py,4777,ea194e61da049afbe8d3c3e90ccc172ca06bf3662dbfbbb6673c3d8421459c7f
rebuild/2026/tests/test_targets.py,1227,9937d71ac51689d21fe668545418df38c078ede95846ebdb3d6a83d9d38fa3c3
rebuild/2026/tests/test_validation.py,1183,7b22596e69b1338e13cbf1ab5f2ae14e59e0d39680411e6b58f58176221d6b42
