decision_timestamp,top3_overlap,forecast_names_changed,persistence_names_changed
2022-03-18 23:59:59.999999999+00:00,3,,
2022-03-25 23:59:59.999999999+00:00,2,1.0,0.0
2022-04-01 23:59:59.999999999+00:00,2,2.0,1.0
2022-04-08 23:59:59.999999999+00:00,2,2.0,0.0
2022-04-15 23:59:59.999999999+00:00,2,0.0,0.0
2022-04-22 23:59:59.999999999+00:00,3,0.0,1.0
2022-04-29 23:59:59.999999999+00:00,3,0.0,0.0
2022-05-06 23:59:59.999999999+00:00,3,1.0,1.0
2022-05-13 23:59:59.999999999+00:00,2,1.0,1.0
2022-05-20 23:59:59.999999999+00:00,2,0.0,0.0
2022-05-27 23:59:59.999999999+00:00,2,1.0,1.0
2022-06-03 23:59:59.999999999+00:00,3,1.0,0.0
2022-06-10 23:59:59.999999999+00:00,1,2.0,1.0
2022-06-17 23:59:59.999999999+00:00,1,3.0,2.0
2022-06-24 23:59:59.999999999+00:00,2,1.0,1.0
2022-07-01 23:59:59.999999999+00:00,2,1.0,1.0
2022-07-08 23:59:59.999999999+00:00,3,1.0,0.0
2022-07-15 23:59:59.999999999+00:00,3,0.0,0.0
2022-07-22 23:59:59.999999999+00:00,2,2.0,2.0
2022-07-29 23:59:59.999999999+00:00,3,0.0,1.0
2022-08-05 23:59:59.999999999+00:00,2,1.0,0.0
2022-08-12 23:59:59.999999999+00:00,2,1.0,0.0
2022-08-19 23:59:59.999999999+00:00,3,0.0,1.0
2022-08-26 23:59:59.999999999+00:00,2,2.0,1.0
2022-09-02 23:59:59.999999999+00:00,2,1.0,1.0
2022-09-09 23:59:59.999999999+00:00,2,1.0,1.0
2022-09-16 23:59:59.999999999+00:00,3,0.0,1.0
2022-09-23 23:59:59.999999999+00:00,2,2.0,1.0
2022-09-30 23:59:59.999999999+00:00,2,2.0,2.0
2022-10-07 23:59:59.999999999+00:00,2,1.0,1.0
2022-10-14 23:59:59.999999999+00:00,2,2.0,0.0
2022-10-21 23:59:59.999999999+00:00,3,1.0,0.0
2022-10-28 23:59:59.999999999+00:00,1,2.0,0.0
2022-11-04 23:59:59.999999999+00:00,3,1.0,2.0
2022-11-11 23:59:59.999999999+00:00,2,1.0,1.0
2022-11-18 23:59:59.999999999+00:00,2,1.0,1.0
2022-11-25 23:59:59.999999999+00:00,2,1.0,1.0
2022-12-02 23:59:59.999999999+00:00,2,1.0,0.0
2022-12-09 23:59:59.999999999+00:00,2,1.0,1.0
2022-12-16 23:59:59.999999999+00:00,2,1.0,1.0
2022-12-23 23:59:59.999999999+00:00,3,1.0,1.0
2022-12-30 23:59:59.999999999+00:00,3,0.0,0.0
2023-01-06 23:59:59.999999999+00:00,3,1.0,1.0
2023-01-13 23:59:59.999999999+00:00,2,0.0,1.0
2023-01-20 23:59:59.999999999+00:00,3,0.0,1.0
2023-01-27 23:59:59.999999999+00:00,3,1.0,1.0
2023-02-03 23:59:59.999999999+00:00,3,0.0,0.0
2023-02-10 23:59:59.999999999+00:00,3,1.0,1.0
2023-02-17 23:59:59.999999999+00:00,3,0.0,0.0
2023-02-24 23:59:59.999999999+00:00,3,0.0,0.0
2023-03-03 23:59:59.999999999+00:00,3,0.0,0.0
2023-03-10 23:59:59.999999999+00:00,3,0.0,0.0
2023-03-17 23:59:59.999999999+00:00,3,0.0,0.0
2023-03-24 23:59:59.999999999+00:00,3,0.0,0.0
2023-03-31 23:59:59.999999999+00:00,2,1.0,0.0
2023-04-07 23:59:59.999999999+00:00,1,2.0,1.0
2023-04-14 23:59:59.999999999+00:00,2,1.0,2.0
2023-04-21 23:59:59.999999999+00:00,2,1.0,1.0
2023-04-28 23:59:59.999999999+00:00,3,2.0,1.0
2023-05-05 23:59:59.999999999+00:00,2,2.0,1.0
2023-05-12 23:59:59.999999999+00:00,2,1.0,1.0
2023-05-19 23:59:59.999999999+00:00,1,1.0,2.0
2023-05-26 23:59:59.999999999+00:00,2,2.0,1.0
2023-06-02 23:59:59.999999999+00:00,1,1.0,2.0
2023-06-09 23:59:59.999999999+00:00,3,1.0,1.0
2023-06-16 23:59:59.999999999+00:00,2,1.0,1.0
2023-06-23 23:59:59.999999999+00:00,3,0.0,1.0
2023-06-30 23:59:59.999999999+00:00,2,1.0,0.0
2023-07-07 23:59:59.999999999+00:00,2,1.0,1.0
2023-07-14 23:59:59.999999999+00:00,1,0.0,1.0
2023-07-21 23:59:59.999999999+00:00,3,0.0,2.0
2023-07-28 23:59:59.999999999+00:00,2,1.0,0.0
2023-08-04 23:59:59.999999999+00:00,2,1.0,1.0
2023-08-11 23:59:59.999999999+00:00,2,1.0,1.0
2023-08-18 23:59:59.999999999+00:00,2,1.0,1.0
2023-08-25 23:59:59.999999999+00:00,2,1.0,2.0
2023-09-01 23:59:59.999999999+00:00,2,1.0,1.0
2023-09-08 23:59:59.999999999+00:00,3,0.0,1.0
2023-09-15 23:59:59.999999999+00:00,3,0.0,0.0
2023-09-22 23:59:59.999999999+00:00,3,0.0,0.0
2023-09-29 23:59:59.999999999+00:00,3,1.0,1.0
2023-10-06 23:59:59.999999999+00:00,2,1.0,1.0
2023-10-13 23:59:59.999999999+00:00,3,0.0,1.0
2023-10-20 23:59:59.999999999+00:00,3,1.0,1.0
2023-10-27 23:59:59.999999999+00:00,3,1.0,1.0
2023-11-03 23:59:59.999999999+00:00,2,1.0,0.0
2023-11-10 23:59:59.999999999+00:00,2,1.0,0.0
2023-11-17 23:59:59.999999999+00:00,2,1.0,1.0
2023-11-24 23:59:59.999999999+00:00,2,1.0,1.0
2023-12-01 23:59:59.999999999+00:00,2,1.0,1.0
2023-12-08 23:59:59.999999999+00:00,3,1.0,1.0
2023-12-15 23:59:59.999999999+00:00,1,2.0,1.0
2023-12-22 23:59:59.999999999+00:00,2,1.0,2.0
2023-12-29 23:59:59.999999999+00:00,2,1.0,1.0
2024-01-05 23:59:59.999999999+00:00,3,0.0,1.0
2024-01-12 23:59:59.999999999+00:00,3,1.0,1.0
2024-01-19 23:59:59.999999999+00:00,3,1.0,1.0
2024-01-26 23:59:59.999999999+00:00,3,0.0,0.0
2024-02-02 23:59:59.999999999+00:00,3,1.0,1.0
2024-02-09 23:59:59.999999999+00:00,2,1.0,0.0
2024-02-16 23:59:59.999999999+00:00,3,0.0,1.0
2024-02-23 23:59:59.999999999+00:00,2,1.0,0.0
2024-03-01 23:59:59.999999999+00:00,2,1.0,0.0
2024-03-08 23:59:59.999999999+00:00,2,2.0,0.0
2024-03-15 23:59:59.999999999+00:00,2,1.0,1.0
2024-03-22 23:59:59.999999999+00:00,3,1.0,2.0
2024-03-29 23:59:59.999999999+00:00,2,1.0,0.0
2024-04-05 23:59:59.999999999+00:00,3,1.0,1.0
2024-04-12 23:59:59.999999999+00:00,3,1.0,1.0
2024-04-19 23:59:59.999999999+00:00,3,0.0,0.0
2024-04-26 23:59:59.999999999+00:00,3,1.0,1.0
2024-05-03 23:59:59.999999999+00:00,3,0.0,0.0
2024-05-10 23:59:59.999999999+00:00,3,0.0,0.0
2024-05-17 23:59:59.999999999+00:00,2,1.0,1.0
2024-05-24 23:59:59.999999999+00:00,2,1.0,1.0
2024-05-31 23:59:59.999999999+00:00,2,0.0,1.0
2024-06-07 23:59:59.999999999+00:00,3,0.0,1.0
2024-06-14 23:59:59.999999999+00:00,2,1.0,0.0
2024-06-21 23:59:59.999999999+00:00,1,2.0,1.0
2024-06-28 23:59:59.999999999+00:00,2,1.0,2.0
2024-07-05 23:59:59.999999999+00:00,3,1.0,0.0
2024-07-12 23:59:59.999999999+00:00,3,0.0,0.0
2024-07-19 23:59:59.999999999+00:00,2,1.0,0.0
2024-07-26 23:59:59.999999999+00:00,3,0.0,1.0
2024-08-02 23:59:59.999999999+00:00,3,1.0,1.0
2024-08-09 23:59:59.999999999+00:00,2,1.0,0.0
2024-08-16 23:59:59.999999999+00:00,3,1.0,2.0
2024-08-23 23:59:59.999999999+00:00,3,0.0,0.0
2024-08-30 23:59:59.999999999+00:00,2,1.0,0.0
2024-09-06 23:59:59.999999999+00:00,2,1.0,1.0
2024-09-13 23:59:59.999999999+00:00,3,0.0,1.0
2024-09-20 23:59:59.999999999+00:00,2,2.0,1.0
2024-09-27 23:59:59.999999999+00:00,2,1.0,1.0
2024-10-04 23:59:59.999999999+00:00,2,2.0,1.0
2024-10-11 23:59:59.999999999+00:00,3,0.0,1.0
2024-10-18 23:59:59.999999999+00:00,2,1.0,1.0
2024-10-25 23:59:59.999999999+00:00,2,1.0,1.0
2024-11-01 23:59:59.999999999+00:00,2,1.0,2.0
2024-11-08 23:59:59.999999999+00:00,3,0.0,1.0
2024-11-15 23:59:59.999999999+00:00,2,1.0,0.0
2024-11-22 23:59:59.999999999+00:00,3,1.0,2.0
2024-11-29 23:59:59.999999999+00:00,3,0.0,0.0
2024-12-06 23:59:59.999999999+00:00,3,1.0,1.0
2024-12-13 23:59:59.999999999+00:00,3,0.0,0.0
2024-12-20 23:59:59.999999999+00:00,3,0.0,0.0
2024-12-27 23:59:59.999999999+00:00,3,0.0,0.0
2025-01-03 23:59:59.999999999+00:00,2,1.0,0.0
2025-01-10 23:59:59.999999999+00:00,1,2.0,2.0
2025-01-17 23:59:59.999999999+00:00,0,1.0,1.0
2025-01-24 23:59:59.999999999+00:00,1,2.0,3.0
2025-01-31 23:59:59.999999999+00:00,3,1.0,2.0
2025-02-07 23:59:59.999999999+00:00,2,2.0,1.0
2025-02-14 23:59:59.999999999+00:00,2,1.0,1.0
2025-02-21 23:59:59.999999999+00:00,2,1.0,1.0
2025-02-28 23:59:59.999999999+00:00,3,1.0,1.0
2025-03-07 23:59:59.999999999+00:00,3,1.0,1.0
2025-03-14 23:59:59.999999999+00:00,3,0.0,0.0
2025-03-21 23:59:59.999999999+00:00,2,1.0,1.0
2025-03-28 23:59:59.999999999+00:00,3,0.0,1.0
2025-04-04 23:59:59.999999999+00:00,2,1.0,0.0
2025-04-11 23:59:59.999999999+00:00,2,1.0,1.0
2025-04-18 23:59:59.999999999+00:00,2,0.0,0.0
2025-04-25 23:59:59.999999999+00:00,2,1.0,0.0
2025-05-02 23:59:59.999999999+00:00,1,2.0,1.0
2025-05-09 23:59:59.999999999+00:00,2,1.0,2.0
2025-05-16 23:59:59.999999999+00:00,3,1.0,1.0
2025-05-23 23:59:59.999999999+00:00,3,0.0,0.0
2025-05-30 23:59:59.999999999+00:00,3,0.0,0.0
2025-06-06 23:59:59.999999999+00:00,3,0.0,0.0
2025-06-13 23:59:59.999999999+00:00,3,0.0,0.0
2025-06-20 23:59:59.999999999+00:00,2,1.0,1.0
2025-06-27 23:59:59.999999999+00:00,3,0.0,1.0
2025-07-04 23:59:59.999999999+00:00,2,1.0,0.0
2025-07-11 23:59:59.999999999+00:00,3,0.0,1.0
2025-07-18 23:59:59.999999999+00:00,1,2.0,0.0
2025-07-25 23:59:59.999999999+00:00,2,1.0,2.0
2025-08-01 23:59:59.999999999+00:00,3,0.0,1.0
2025-08-08 23:59:59.999999999+00:00,1,2.0,0.0
2025-08-15 23:59:59.999999999+00:00,2,2.0,1.0
2025-08-22 23:59:59.999999999+00:00,2,1.0,1.0
2025-08-29 23:59:59.999999999+00:00,2,1.0,1.0
2025-09-05 23:59:59.999999999+00:00,1,2.0,1.0
2025-09-12 23:59:59.999999999+00:00,3,0.0,2.0
2025-09-19 23:59:59.999999999+00:00,3,0.0,0.0
2025-09-26 23:59:59.999999999+00:00,3,1.0,1.0
2025-10-03 23:59:59.999999999+00:00,3,1.0,1.0
2025-10-10 23:59:59.999999999+00:00,3,0.0,0.0
2025-10-17 23:59:59.999999999+00:00,1,2.0,1.0
2025-10-24 23:59:59.999999999+00:00,2,2.0,2.0
2025-10-31 23:59:59.999999999+00:00,2,0.0,1.0
2025-11-07 23:59:59.999999999+00:00,3,0.0,1.0
2025-11-14 23:59:59.999999999+00:00,3,1.0,1.0
2025-11-21 23:59:59.999999999+00:00,3,1.0,1.0
2025-11-28 23:59:59.999999999+00:00,2,1.0,0.0
2025-12-05 23:59:59.999999999+00:00,2,1.0,2.0
2025-12-12 23:59:59.999999999+00:00,1,1.0,1.0
2025-12-19 23:59:59.999999999+00:00,3,2.0,1.0
2025-12-26 23:59:59.999999999+00:00,3,0.0,0.0
2026-01-02 23:59:59.999999999+00:00,2,1.0,0.0
2026-01-09 23:59:59.999999999+00:00,2,1.0,1.0
2026-01-16 23:59:59.999999999+00:00,3,1.0,1.0
2026-01-23 23:59:59.999999999+00:00,2,1.0,1.0
2026-01-30 23:59:59.999999999+00:00,2,1.0,0.0
2026-02-06 23:59:59.999999999+00:00,3,0.0,1.0
2026-02-13 23:59:59.999999999+00:00,3,0.0,0.0
2026-02-20 23:59:59.999999999+00:00,2,1.0,0.0
2026-02-27 23:59:59.999999999+00:00,2,0.0,0.0
2026-03-06 23:59:59.999999999+00:00,2,1.0,1.0
2026-03-13 23:59:59.999999999+00:00,2,1.0,1.0
2026-03-20 23:59:59.999999999+00:00,2,1.0,1.0
2026-03-27 23:59:59.999999999+00:00,3,1.0,1.0
2026-04-03 23:59:59.999999999+00:00,3,1.0,1.0
2026-04-10 23:59:59.999999999+00:00,2,1.0,0.0
2026-04-17 23:59:59.999999999+00:00,1,2.0,1.0
2026-04-24 23:59:59.999999999+00:00,3,1.0,2.0
2026-05-01 23:59:59.999999999+00:00,3,0.0,0.0
2026-05-08 23:59:59.999999999+00:00,3,0.0,0.0
2026-05-15 23:59:59.999999999+00:00,3,0.0,0.0
2026-05-22 23:59:59.999999999+00:00,3,0.0,0.0
2026-05-29 23:59:59.999999999+00:00,2,1.0,1.0
2026-06-05 23:59:59.999999999+00:00,2,1.0,1.0
2026-06-12 23:59:59.999999999+00:00,2,1.0,1.0
2026-06-19 23:59:59.999999999+00:00,2,0.0,1.0
2026-06-26 23:59:59.999999999+00:00,2,2.0,0.0
2026-07-03 23:59:59.999999999+00:00,3,0.0,1.0
2026-07-10 23:59:59.999999999+00:00,2,0.0,1.0
2026-07-17 23:59:59.999999999+00:00,3,0.0,1.0
2026-07-24 23:59:59.999999999+00:00,3,0.0,0.0
2026-07-31 23:59:59.999999999+00:00,3,0.0,0.0
2026-08-07 23:59:59.999999999+00:00,3,0.0,0.0
2026-08-14 23:59:59.999999999+00:00,3,1.0,1.0
